ANSWER,Blurb,Worth
Catholic|Roman Catholic|Catholicism,The largest Christian denomination led by the Pope.,10
Orthodox|Eastern Orthodox|Eastern Orthodoxy,The second-largest Christian communion originating from the Byzantine tradition.,10
Protestant|Protestantism,The branch of Christianity that emerged from the Reformation.,10
Anglican|Anglicanism|Episcopal|Episcopalian,The tradition originating from the Church of England.,10
Baptist|Baptists,A Protestant tradition emphasizing believer's baptism.,30
Methodist|Methodism,A Protestant tradition founded by John Wesley.,30
Lutheran|Lutheranism,A Protestant tradition originating from Martin Luther's reforms.,10
Presbyterian|Presbyterianism,A Reformed tradition governed by elders.,30
Pentecostal|Pentecostalism,A charismatic Christian movement emphasizing the Holy Spirit.,30
Adventist|Adventism|Seventh-day Adventist,A Protestant tradition emphasizing the Second Coming and the Sabbath.,30
Anabaptist|Anabaptism,A radical Reformation tradition including Mennonites and Amish.,60
Congregational|Congregationalism,A Protestant tradition where each congregation governs itself; Minnesota Congregationalists founded Carleton College in 1866.,100
Churches of Christ|Church of Christ,A restorationist Christian tradition.,60
Evangelical|Evangelicalism,A Protestant movement emphasizing personal conversion and biblical authority.,60
Coptic|Coptic Orthodox|Coptic Church,An Oriental Orthodox church based in Egypt.,60
Armenian Orthodox|Armenian Apostolic|Armenian Church,An Oriental Orthodox church originating in Armenia.,60
Syriac Orthodox|Syriac Orthodox Church,An Oriental Orthodox church from the Middle East.,85
Ethiopian Orthodox|Ethiopian Orthodox Tewahedo,An Oriental Orthodox church based in Ethiopia.,85
Mennonite|Mennonites,An Anabaptist tradition known for pacifism and simple living.,60
Quaker|Quakers|Religious Society of Friends,A Protestant tradition emphasizing inner light and silent worship.,30
Amish|Amish|Amish Mennonite,An Anabaptist group known for simple living and separation from the world.,30
Salvation Army|The Salvation Army,A Methodist-derived Christian church known for charitable work.,60
Unitarian|Unitarianism,A liberal Christian tradition rejecting the Trinity.,60
Jehovah's Witnesses|Jehovah's Witness,A restorationist Christian denomination known for door-to-door evangelism.,30
Mormon|Mormonism|Latter-day Saint|LDS Church,A restorationist tradition founded by Joseph Smith.,30
Church of England|Anglican Church|C of E,The established church of England.,60
Greek Orthodox|Greek Orthodox Church,An Eastern Orthodox church based in Greece.,60
Russian Orthodox|Russian Orthodox Church,An Eastern Orthodox church based in Russia.,60
Maronite|Maronite Catholic|Maronite Church,An Eastern Catholic church based in Lebanon.,85
Melkite|Melkite Greek Catholic,An Eastern Catholic church from the Middle East.,85
Chaldean|Chaldean Catholic|Chaldean Church,An Eastern Catholic church from Iraq.,85
Assyrian Church of the East|Church of the East|Assyrian Church,An ancient Christian church from Mesopotamia.,85
Old Catholic|Old Catholic Church,A group of independent Catholic churches.,85
Plymouth Brethren|Brethren|Open Brethren,A conservative Protestant movement.,85
Waldensian|Waldensians|Waldensian Church,A pre-Reformation Christian movement.,100
Hussite|Hussites|Moravian Church,A pre-Reformation Christian movement from Bohemia.,100
Lollard|Lollards,A pre-Reformation Christian movement from England.,100
